id,collection,dc.contributor.affiliation[],dc.contributor.author[],dc.contributor.editor[fr],dc.date.issued[fr],thematique,sous_thematique,dc.description[fr],dc.identifier.citation[fr],dc.identifier.uri,dc.language.iso[fr],dc.publisher[fr],dc.relation.ispartof[fr],dc.rights[],dc.source[fr],dc.title[fr],dc.type[fr],inserm.lexicon.autocreation[*]
11914,10608/12461,Expertise collective Inserm,Bureau de presse INSERM,Inserm,1997,Expertise collective,,"Expertise collective||Les principales conclusions du rapport d'expertise collective sur le dépistage et la prévention de la grande prématurité, réalisé par l'INSERM à la demande de la Direction générale de la Santé.","Bureau de presse INSERM. La grande prématurité : dépistage et prévention. Communiqué de presse de l’Institut national de la santé et de la recherche médicale,octobre, 1997, 5 p ; numérisé sous le format PDF. URI :voir ci-dessous",http://hdl.handle.net/10608/12714,fr,Inserm,Communiqués de Presse INSERM,Document en accès libre - http://www.ipubli.inserm.fr/mentions,"Communiqué de presse de l’Institut national de la santé et de la recherche médicale,octobre, 1997, 5 p ; numérisé sous le format PDF.",La grande prématurité : dépistage et prévention,Archives,true
11913,10608/12461,comité d'interface INSERM,Bureau de presse INSERM,Inserm,1997,"Séminaire, colloque, journée d’étude",,Journée d'étude||Journée du 20 juin 1997 organisée par les comités d'interfaces INSERM - Reproduction humaine et INSERM – Neurosciences,"Bureau de presse INSERM. Aspects neurobiologiques de la fonction sexuelle masculine. Communiqué de presse de l’Institut national de la santé et de la recherche médicale, juin, 1997, 6 p ; numérisé sous le format PDF. URI :voir ci-dessous",http://hdl.handle.net/10608/12713,fr,Inserm,Communiqués de Presse INSERM,Document en accès libre - http://www.ipubli.inserm.fr/mentions,"Communiqué de presse de l’Institut national de la santé et de la recherche médicale, juin, 1997, 6 p ; numérisé sous le format PDF.",Aspects neurobiologiques de la fonction sexuelle masculine,Archives,true
11912,10608/12461,Expertise collective Inserm,Bureau de presse INSERM,Inserm,1997,Expertise collective,,"Expertise collective||Une expertise collective de l’Inserm||L'INSERM a réalisé une expertise collective intitulée ""Ostéoporose : stratégies de prévention et de traitement"". Cette expertise a été entreprise à la demande de la Direction Générale de la Santé (DGS) pour l'aider à définir de nouvelles actions de dépistage, de prévention et de traitement. Pour répondre à cette demande, l'INSERM a mis en place un groupe de travail pluridisciplinaire rassemblant 13 chercheurs ou cliniciens, épidémiologistes, biologistes, économistes, rhumatologues, gynécologues et gérontologues (la composition du groupe est en annexe). Ces experts ont analysé et critiqué la littérature scientifique existant sur le sujet, soit plus de 1000 articles.","Bureau de presse INSERM.  Ostéoporose : stratégies de prévention et de traitement. Communiqué de presse de l’Institut national de la santé et de la recherche médicale, fevrier, 1997, 4 p ; numérisé sous le format PDF. URI :voir ci-dessous",http://hdl.handle.net/10608/12712,fr,Inserm,Communiqués de Presse INSERM,Document en accès libre - http://www.ipubli.inserm.fr/mentions,"Communiqué de presse de l’Institut national de la santé et de la recherche médicale, fevrier, 1997, 4 p ; numérisé sous le format PDF.",Ostéoporose : stratégies de prévention et de traitement,Archives,true
11911,10608/12461,Expertise collective Inserm,Bureau de presse INSERM,Inserm,1997,Expertise collective,,"Expertise collective||L'INSERM réalise une expertise collective intitulée ""Hépatites virales : dépistage, prévention, traitement"". Cette expertise a été entreprise à la demande de la Mutuelle Générale de l'Education Nationale (MGEN)","Bureau de presse INSERM. Expertise Collective - Hépatites virales. Communiqué de presse de l’Institut national de la santé et de la recherche médicale, 8 janvier, 1997, 2 p ; numérisé sous le format PDF. URI :voir ci-dessous",http://hdl.handle.net/10608/12711,fr,Inserm,Communiqués de Presse INSERM,Document en accès libre - http://www.ipubli.inserm.fr/mentions,"Communiqué de presse de l’Institut national de la santé et de la recherche médicale, 8 janvier, 1997, 2 p ; numérisé sous le format PDF.",Expertise Collective - Hépatites virales,Archives,true
11681,10608/12461,Expertise collective Inserm,Bureau de presse INSERM,Inserm,1997,Expertise collective,,"Expertise collective||L'INSERM réalise une expertise collective intitulée ""Hépatites virales : dépistage, prévention, traitement"". Cette expertise a été entreprise à la demande de la Mutuelle Générale de l'Education Nationale (MGEN)","Bureau de presse INSERM. Expertise Collective - Hépatites virales. Communiqué de presse de l’Institut national de la santé et de la recherche médicale, 8 janvier, 1997, 2 p ; numérisé sous le format PDF. URI :voir ci-dessous",http://hdl.handle.net/10608/12462,fr,Inserm,Communiqués de Presse INSERM,Document en accès libre - http://www.ipubli.inserm.fr/mentions,"Communiqué de presse de l’Institut national de la santé et de la recherche médicale, 8 janvier, 1997, 2 p ; numérisé sous le format PDF.",Expertise Collective - Hépatites virales,Archives,true
11931,10608/12705,CJF 95-05 INSERM,Bureau de presse INSERM,Inserm,1998,Résultat de recherche,Résultat de recherche,"Résultat de recherche||Une équipe de chercheurs de l'INSERM et de cliniciens apporte, pour la première fois, la preuve d'un effet positif exercé par l'allele epsilon 4 de l'apolipoproteine E : cet allele favoriserait une protection contre l'apparition d'une forme de dégénerescence maculaire liée à l'age.","Bureau de presse INSERM. DMLA : On y voit plus clair!. Communiqué de presse de l’Institut national de la santé et de la recherche médicale, 16 mars, 1998, 2 p ; numérisé sous le format PDF. URI :voir ci-dessous",http://hdl.handle.net/10608/12731,fr,Inserm,Communiqués de Presse INSERM,Document en accès libre - http://www.ipubli.inserm.fr/mentions,"Communiqué de presse de l’Institut national de la santé et de la recherche médicale, 16 mars, 1998, 2 p ; numérisé sous le format PDF.",DMLA : On y voit plus clair!,Archives,true
11930,10608/12705,Expertise collective Inserm,Bureau de presse INSERM,Inserm,1998,Expertise collective,,"Expertise collective||Avec environ 26.000 nouveaux cas et 11.000 décès chaque année en France, le cancer du sein est la première cause de mortalité par cancer chez la femme. Le cancer de l'ovaire est plus rare (4.000 nouveaux cas et 3.000 décès par an). Il existe des formes héréditaires de ces cancers dans environ 5% des cas.","Bureau de presse INSERM. ""Risques héréditaires de cancers du sein et de l'ovaire : Quelle prise en charge ?"". Communiqué de presse de l’Institut national de la santé et de la recherche médicale, 10 mars, 1998, 2 p ; numérisé sous le format PDF. URI :voir ci-dessous",http://hdl.handle.net/10608/12730,fr,Inserm,Communiqués de Presse INSERM,Document en accès libre - http://www.ipubli.inserm.fr/mentions,"Communiqué de presse de l’Institut national de la santé et de la recherche médicale, 10 mars, 1998, 2 p ; numérisé sous le format PDF.","""Risques héréditaires de cancers du sein et de l'ovaire : Quelle prise en charge ?""",Archives,true
11929,10608/12705,U128 INSERM,Bureau de presse INSERM,Inserm,1998,Résultat de recherche,Résultat de recherche,"Résultat de recherche||En mettant en évidence la capacité d'un antibiotique, la rifampicine, à se lier activement au récepteur d'une autre classe de médicaments, les glucocorticoïdes, une équipe de chercheurs de l'INSERM révèle comment la rifampicine exerce son effet secondaire immunodepresseur.","Bureau de presse INSERM. L'effet secondaire d'un antibiotique est élucidé. Communiqué de presse de l’Institut national de la santé et de la recherche médicale, 25 février, 1998, 2 p ; numérisé sous le format PDF. URI :voir ci-dessous",http://hdl.handle.net/10608/12729,fr,Inserm,Communiqués de Presse INSERM,Document en accès libre - http://www.ipubli.inserm.fr/mentions,"Communiqué de presse de l’Institut national de la santé et de la recherche médicale, 25 février, 1998, 2 p ; numérisé sous le format PDF.",L'effet secondaire d'un antibiotique est élucidé,Archives,true
11928,10608/12705,Unité 429 INSERM||Unité 292 de l'INSERM,Bureau de presse INSERM,Inserm,1998,Résultat de recherche,Résultat de recherche,Résultat de recherche||Le rôle protecteur d'une mutation du co-récepteur CCR5 au VIH est mis en évidence chez des enfants nés de mère séropositive.,"Bureau de presse INSERM. Le rôle protecteur d'une mutation du co-récepteur CCR5 au VIH. Communiqué de presse de l’Institut national de la santé et de la recherche médicale, fevrier, 1997, 4 p ; numérisé sous le format PDF. URI :voir ci-dessous",http://hdl.handle.net/10608/12728,fr,Inserm,Communiqués de Presse INSERM,Document en accès libre - http://www.ipubli.inserm.fr/mentions,"Communiqué de presse de l’Institut national de la santé et de la recherche médicale, fevrier, 1997, 4 p ; numérisé sous le format PDF.",Le rôle protecteur d'une mutation du co-récepteur CCR5 au VIH,Archives,true
11927,10608/12705,INSERM Unité 129,Bureau de presse INSERM,Inserm,1998,Résultat de recherche,Résultat de recherche,"Résultat de recherche||Un nouveau gène, nommé Doublecortine, exprimé dans le cerveau foetal et impliqué dans certaines malformations du cortex cérébral identifié par l'équipe du Dr. Jamel Chelly (Unité 129 INSERM, dirigée par le Pr. Axel Kahn).","Bureau de presse INSERM. Doublecortine : un nouveau gène essentiel au développement du cortex. Communiqué de presse de l’Institut national de la santé et de la recherche médicale, 8 janvier, 1998, 3 p ; numérisé sous le format PDF. URI :voir ci-dessous",http://hdl.handle.net/10608/12727,fr,Inserm,Communiqués de Presse INSERM,Document en accès libre - http://www.ipubli.inserm.fr/mentions,"Communiqué de presse de l’Institut national de la santé et de la recherche médicale, 8 janvier, 1998, 3 p ; numérisé sous le format PDF.",Doublecortine : un nouveau gène essentiel au développement du cortex,Archives,true
11926,10608/12705,Expertise collective Inserm,Bureau de presse INSERM,Inserm,1999,Expertise collective,,"Expertise collective||Claude Griscelli, Directeur général de l'INSERM, a décidé la mise en place d'une expertise collective sur la migraine, en réponse à la demande de la MGEN, présidée par Alain Chauvet.","Bureau de presse INSERM. Migraine. Communiqué de presse de l’Institut national de la santé et de la recherche médicale, 16 décembre 1998, 8 p ; numérisé sous le format PDF. URI :voir ci-dessous",http://hdl.handle.net/10608/12726,fr,Inserm,Communiqués de Presse INSERM,Document en accès libre - http://www.ipubli.inserm.fr/mentions,"Communiqué de presse de l’Institut national de la santé et de la recherche médicale, 16 décembre 1998, 8 p ; numérisé sous le format PDF.",Migraine,Archives,true
11925,10608/12705,Expertise collective||MGEN,Bureau de presse INSERM,Inserm,1998,Résultat de recherche,Résultat de recherche,"Résultat de recherche||L'Unité 338 de l'INSERM dirigée par Dominique Aunis, en collaboration avec l'entreprise de biotechnologies CIS bio international, met au point un procédé de dosage dans le sang d'une protéine, la chromogranine A, marqueur de certaines tumeurs neuroendocrines chez l'homme.","Bureau de presse INSERM. Un diagnostic plus fiable des tumeurs neuroendocrines. Communiqué de presse de l’Institut national de la santé et de la recherche médicale, 11 décembre, 1998, 2p ; numérisé sous le format PDF. URI :voir ci-dessous",http://hdl.handle.net/10608/12725,fr,Inserm,Communiqués de Presse INSERM,Document en accès libre - http://www.ipubli.inserm.fr/mentions,"Communiqué de presse de l’Institut national de la santé et de la recherche médicale, 11 décembre, 1998, 2p ; numérisé sous le format PDF.",Un diagnostic plus fiable des tumeurs neuroendocrines,Archives,true
11924,10608/12705,U338 INSERM,Bureau de presse INSERM,Inserm,1998,"Séminaire, colloque, journée d’étude",,"Séminaire, colloque||Des scientifiques européens et américains réunis à Annecy, pour y présenter leurs derniers travaux sur Athérosclérose et Infections inaugurent un mode original de communication.","Bureau de presse INSERM. Une nouvelle forme de partage des connaissances à l’Inserm : l’actualité d’un colloque international tous les jours sur internet.. Communiqué de presse de l’Institut national de la santé et de la recherche médicale, 2 décembre, 1998, 2p ; numérisé sous le format PDF. URI :voir ci-dessous",http://hdl.handle.net/10608/12724,fr,Inserm,Communiqués de Presse INSERM,Document en accès libre - http://www.ipubli.inserm.fr/mentions,"Communiqué de presse de l’Institut national de la santé et de la recherche médicale, 2 décembre, 1998, 2p ; numérisé sous le format PDF.",Une nouvelle forme de partage des connaissances à l’Inserm : l’actualité d’un colloque international tous les jours sur internet.,Archives,true
11923,10608/12705,,Bureau de presse INSERM,Inserm,1998,Coopération scientifique,,"Coopération scientifique||La coopération entre l'INSERM d'une part, les universités, et plus largement les établissements d'enseignement supérieur oeuvrant dans le domaine de la recherche biomédicale d'autre part, connaît un développement nouveau avec la signature, le 16 novembre 1998, d'un accord-cadre entre le ministère de l'Education nationale, de la recherche et de la technologie, la Conférence des présidents d'université (CPU) et l'INSERM.","Bureau de presse INSERM. Accord-cadre entre le ministère de l'Education nationale, de la recherche et de la technologie, la Conférence des présidents d'université (CPU) et l'INSERM.. Communiqué de presse de l’Institut national de la santé et de la recherche médicale, 16 novembre, 1998, 2 p ; numérisé sous le format PDF. URI :voir ci-dessous",http://hdl.handle.net/10608/12723,fr,Inserm,Communiqués de Presse INSERM,Document en accès libre - http://www.ipubli.inserm.fr/mentions,"Communiqué de presse de l’Institut national de la santé et de la recherche médicale, 16 novembre, 1998, 2 p ; numérisé sous le format PDF.","Accord-cadre entre le ministère de l'Education nationale, de la recherche et de la technologie, la Conférence des présidents d'université (CPU) et l'INSERM.",Archives,true
11922,10608/12705,Expertise collective Inserm,Bureau de presse INSERM,Inserm,1998,Expertise collective,,Expertise collective||L'INSERM remet les conclusions d'une expertise collective sur les effets sur la santé de quelques fibres de substitution à l'amiante.,"Bureau de presse INSERM. ""Effets sur la santé des fibres de substitution à l'amiante"" : De nombreuses questions en suspens. Communiqué de presse de l’Institut national de la santé et de la recherche médicale, 7 juillet, 1998, 3 p ; numérisé sous le format PDF. URI :voir ci-dessous",http://hdl.handle.net/10608/12722,fr,Inserm,Communiqués de Presse INSERM,Document en accès libre - http://www.ipubli.inserm.fr/mentions,"Communiqué de presse de l’Institut national de la santé et de la recherche médicale, 7 juillet, 1998, 3 p ; numérisé sous le format PDF.","""Effets sur la santé des fibres de substitution à l'amiante"" : De nombreuses questions en suspens",Archives,true
11921,10608/12705,U325 INSERM,Bureau de presse INSERM,Inserm,1998,Résultat de recherche,Résultat de recherche,"Résultat de recherche||Des travaux de l'équipe de Bart Staels (U325 INSERM, dirigée par le Pr. Jean-Charles Fruchart), publiés dans ""Nature"" du 25 juin 1998, montrent que les fibrates, classe de médicaments hypolipidémiants, auraient une action antiinflammatoire vasculaire.","Bureau de presse INSERM. Une nouvelle action pour une classe de médicaments. Communiqué de presse de l’Institut national de la santé et de la recherche médicale, 23 juin, 1998, 3 p ; numérisé sous le format PDF. URI :voir ci-dessous",http://hdl.handle.net/10608/12721,fr,Inserm,Communiqués de Presse INSERM,Document en accès libre - http://www.ipubli.inserm.fr/mentions,"Communiqué de presse de l’Institut national de la santé et de la recherche médicale, 23 juin, 1998, 3 p ; numérisé sous le format PDF.",Une nouvelle action pour une classe de médicaments,Archives,true
11920,10608/12705,Expertise collective Inserm,Bureau de presse INSERM,Inserm,1998,Expertise collective,,"Expertise collective||Les principales conclusions du rapport d'expertise collective ""Ecstasy"" réalisée par l'INSERM","Bureau de presse INSERM. ""Ecstasy : des données biologiques et cliniques aux contextes d'usage"". Communiqué de presse de l’Institut national de la santé et de la recherche médicale, 16 juin, 1998, 3 p ; numérisé sous le format PDF. URI :voir ci-dessous",http://hdl.handle.net/10608/12720,fr,Inserm,Communiqués de Presse INSERM,Document en accès libre - http://www.ipubli.inserm.fr/mentions,"Communiqué de presse de l’Institut national de la santé et de la recherche médicale, 16 juin, 1998, 3 p ; numérisé sous le format PDF.","""Ecstasy : des données biologiques et cliniques aux contextes d'usage""",Archives,true
11919,10608/12705,,Bureau de presse INSERM,Inserm,1998,Résultat de recherche,Résultat de recherche,Résultat de recherche||Il est maintenant largement admis que l'innovation technologique issue de la recherche est un facteur de compétitivité et de création d'emplois pour les entreprises dynamiques qui veulent gagner sur le marché mondial.,"Bureau de presse INSERM. L’innovation technologique en biologie, médecine et santé à l’Inserm. Communiqué de presse de l’Institut national de la santé et de la recherche médicale, 6 mai, 1998, 2 p ; numérisé sous le format PDF. URI :voir ci-dessous",http://hdl.handle.net/10608/12719,fr,Inserm,Communiqués de Presse INSERM,Document en accès libre - http://www.ipubli.inserm.fr/mentions,"Communiqué de presse de l’Institut national de la santé et de la recherche médicale, 6 mai, 1998, 2 p ; numérisé sous le format PDF.","L’innovation technologique en biologie, médecine et santé à l’Inserm",Archives,true
11918,10608/12705,,Bureau de presse INSERM,Inserm,1998,"Séminaire, colloque, journée d’étude",,"Séminaire, colloque||Un séminaire de recherche franco-néerlandais se déroule, les 21 et 22 avril, à Amsterdam (Pays-Bas), sur le thème de l'addiction.","Bureau de presse INSERM. Séminaire de recherche franco-néerlandais : l’addiction. Communiqué de presse de l’Institut national de la santé et de la recherche médicale, 21 avril, 1998, 2 p ; numérisé sous le format PDF. URI :voir ci-dessous",http://hdl.handle.net/10608/12718,fr,Inserm,Communiqués de Presse INSERM,Document en accès libre - http://www.ipubli.inserm.fr/mentions,"Communiqué de presse de l’Institut national de la santé et de la recherche médicale, 21 avril, 1998, 2 p ; numérisé sous le format PDF.",Séminaire de recherche franco-néerlandais : l’addiction,Archives,true
11917,10608/12705,"Unité 360 INSERM, Paris",Bureau de presse INSERM,Inserm,1998,Résultat de recherche,Résultat de recherche,Résultat de recherche||La maladie de Creutzfeldt-Jakob (MCJ) constitue la plus fréquente des encéphalopathies subaigues spongiformes transmissibles (ESST) humaines.,"Bureau de presse INSERM. Des résultats épidémiologiques européens sur la maladie de Creutzfeldt-Jakob Sporadique Etude des facteurs de risques. Communiqué de presse de l’Institut national de la santé et de la recherche médicale, 9 avril, 1998, 3p ; numérisé sous le format PDF. URI :voir ci-dessous",http://hdl.handle.net/10608/12717,fr,Inserm,Communiqués de Presse INSERM,Document en accès libre - http://www.ipubli.inserm.fr/mentions,"Communiqué de presse de l’Institut national de la santé et de la recherche médicale, 9 avril, 1998, 3p ; numérisé sous le format PDF.",Des résultats épidémiologiques européens sur la maladie de Creutzfeldt-Jakob Sporadique Etude des facteurs de risques,Archives,true
11916,10608/12705,unité Inserm 334,Bureau de presse INSERM,Inserm,1998,Résultat de recherche,Résultat de recherche,Résultat de recherche||Il est désormais possible de visualiser in vivo le cheminement de brins d'ADN grâce à la tomographie à émission de positons. Une avancée méthodologique importante pour le développement de la thérapie génique.,"Bureau de presse INSERM. Un outil pour la thérapie génique. Communiqué de presse de l’Institut national de la santé et de la recherche médicale, 30 mars, 1998, 2 p ; numérisé sous le format PDF. URI :voir ci-dessous",http://hdl.handle.net/10608/12716,fr,Inserm,Communiqués de Presse INSERM,Document en accès libre - http://www.ipubli.inserm.fr/mentions,"Communiqué de presse de l’Institut national de la santé et de la recherche médicale, 30 mars, 1998, 2 p ; numérisé sous le format PDF.",Un outil pour la thérapie génique,Archives,true
11915,10608/12705,U 330 Inserm,Bureau de presse INSERM,Inserm,1998,Résultat de recherche,Résultat de recherche,"Résultat de recherche||A l'issue de deux années de suivi neuropsychologique de plus de mille personnes âgées, des chercheurs de l'INSERM (U330) ont tenté d'identifier les signes annonciateurs des démences liées au vieillissement. Cette étude apporte des éléments originaux dans la compréhension de telles pathologies cérébrales","Bureau de presse INSERM. Signe annonciateur d'une démence ?. Communiqué de presse de l’Institut national de la santé et de la recherche médicale, 26 mars, 1998, 3 p ; numérisé sous le format PDF. URI :voir ci-dessous",http://hdl.handle.net/10608/12715,fr,Inserm,Communiqués de Presse INSERM,Document en accès libre - http://www.ipubli.inserm.fr/mentions,"Communiqué de presse de l’Institut national de la santé et de la recherche médicale, 26 mars, 1998, 3 p ; numérisé sous le format PDF.",Signe annonciateur d'une démence ?,Archives,true
11956,10608/12706,,Bureau de presse INSERM,Inserm,1999,Coopération scientifique,,Coopération scientifique||L’Inserm et l’Institut de Veille Sanitaire (InVS) se rapprochent. Tel est le message annoncé par ses deux dirigeants à l’occasion de la signature d’une convention liant les deux instituts.,"Bureau de presse INSERM. Santé publique : la recherche et la surveillance se rapprochent. Communiqué de presse de l’Institut national de la santé et de la recherche médicale, 26 novembre, 1999, 14p ; numérisé sous le format PDF. URI :voir ci-dessous",http://hdl.handle.net/10608/12756,fr,Inserm,Communiqués de Presse INSERM,Document en accès libre - http://www.ipubli.inserm.fr/mentions,"Communiqué de presse de l’Institut national de la santé et de la recherche médicale, 26 novembre, 1999, 14p ; numérisé sous le format PDF.",Santé publique : la recherche et la surveillance se rapprochent,Archives,true
11955,10608/12706,,Bureau de presse INSERM,Inserm,1999,Résultat de recherche,Santé publique,Résultat de recherche||L’opération 20 000 volontaires pour la recherche médicale lancée en 1989 par l’Inserm et les services médicaux d’Électricité et Gaz de France a permis de fournir des informations précieuses sur la santé – bonne ou mauvaise – en France.,"Bureau de presse INSERM. Les dix ans de la cohorte Gazel. Communiqué de presse de l’Institut national de la santé et de la recherche médicale, 24 novembre, 1999, 5p ; numérisé sous le format PDF. URI :voir ci-dessous",http://hdl.handle.net/10608/12755,fr,Inserm,Communiqués de Presse INSERM,Document en accès libre - http://www.ipubli.inserm.fr/mentions,"Communiqué de presse de l’Institut national de la santé et de la recherche médicale, 24 novembre, 1999, 5p ; numérisé sous le format PDF.",Les dix ans de la cohorte Gazel,Archives,true
11954,10608/12706,Inserm U 383,Bureau de presse INSERM,Inserm,1999,Résultat de recherche,"Génétique, génomique et bio-informatique","Résultat de recherche||La découverte de mutations d'un gène, associées à une maladie humaine rare, le ""syndrome ICF"", livre une clé fondamentale pour comprendre un processus essentiel de la régulation de l'activité des gènes : la méthylation de l'ADN.","Bureau de presse INSERM. Une clé pour comprendre la régulation du génome. Communiqué de presse de l’Institut national de la santé et de la recherche médicale, 18 novembre, 1999, 2p ; numérisé sous le format PDF. URI :voir ci-dessous",http://hdl.handle.net/10608/12754,fr,Inserm,Communiqués de Presse INSERM,Document en accès libre - http://www.ipubli.inserm.fr/mentions,"Communiqué de presse de l’Institut national de la santé et de la recherche médicale, 18 novembre, 1999, 2p ; numérisé sous le format PDF.",Une clé pour comprendre la régulation du génome,Archives,true
11953,10608/12706,Expertise Collective Inserm,Bureau de presse INSERM,Inserm,1999,Expertise collective,,"Expertise collective||Claude Griscelli, directeur général de l’Inserm, décide la mise en place d’une expertise collective concernant les effets sur la santé des éthers de glycol, en réponse à la demande du ministère de l’Aménagement du Territoire et de l’Environnement et du ministère de l’Emploi et de la Solidarité.","Bureau de presse INSERM. Expertise Collective - « éthers de glycol – qules risques pour la santé ? ». Communiqué de presse de l’Institut national de la santé et de la recherche médicale, 21 octobre, 1999, 8p ; numérisé sous le format PDF. URI :voir ci-dessous",http://hdl.handle.net/10608/12753,fr,Inserm,Communiqués de Presse INSERM,Document en accès libre - http://www.ipubli.inserm.fr/mentions,"Communiqué de presse de l’Institut national de la santé et de la recherche médicale, 21 octobre, 1999, 8p ; numérisé sous le format PDF.",Expertise Collective - « éthers de glycol – qules risques pour la santé ? »,Archives,true
11952,10608/12706,"Unité 141 Inserm "" dynamique cardiocirculatoire, biologie de la paroi vasculaire """,Bureau de presse INSERM,Inserm,1999,Résultat de recherche,"Immunologie, inflammation, infectiologie et microbiologie",Résultat de recherche||Les travaux de l'équipe d' Alain Tedgui (unité 141 Inserm) font faire un pas en avant considérable dans la compréhension de l'athérosclérose et de ses relations avec des infections.,"Bureau de presse INSERM. Un nouvel éclairage sur le rôle d'agents infectieux dans l'athérosclérose . Communiqué de presse de l’Institut national de la santé et de la recherche médicale, 15 octobre, 1999, 3 p ; numérisé sous le format PDF. URI :voir ci-dessous",http://hdl.handle.net/10608/12752,fr,Inserm,Communiqués de Presse INSERM,Document en accès libre - http://www.ipubli.inserm.fr/mentions,"Communiqué de presse de l’Institut national de la santé et de la recherche médicale, 15 octobre, 1999, 3 p ; numérisé sous le format PDF.",Un nouvel éclairage sur le rôle d'agents infectieux dans l'athérosclérose,Archives,true
11951,10608/12706,,Bureau de presse INSERM,Inserm,1999,Actualité institutionnelle,Actualité institutionnelle,"Actualité institutionnelle||L’INSERM propose, au Palais de la découverte, l’exposition « Quand la science rejoint l’art ».","Bureau de presse INSERM. L’exposition photo de l’INSERM « Quand la science rejoint l’art », la preuve par l’image. Communiqué de presse de l’Institut national de la santé et de la recherche médicale, 4 octobre, 1999, 2p ; numérisé sous le format PDF. URI :voir ci-dessous",http://hdl.handle.net/10608/12751,fr,Inserm,Communiqués de Presse INSERM,Document en accès libre - http://www.ipubli.inserm.fr/mentions,"Communiqué de presse de l’Institut national de la santé et de la recherche médicale, 4 octobre, 1999, 2p ; numérisé sous le format PDF.","L’exposition photo de l’INSERM « Quand la science rejoint l’art », la preuve par l’image",Archives,true
11950,10608/12706,"INSERM U 25 "" maladies auto-immunes """,Bureau de presse INSERM,Inserm,1999,Résultat de recherche,"Génétique, génomique et bio-informatique","Résultat de recherche||Un premier gène impliqué dans des malformations vasculaires cérébrales fréquentes, les ""angiomes caverneux "", identifié par l'équipe d'Élisabeth Tournier-Lasserve (unité INSERM 25 et laboratoire de génétique, hôpital Lariboisière, Paris).","Bureau de presse INSERM. Un gène identifié dans les malformations vasculaires cérébrales les plus fréquentes. Communiqué de presse de l’Institut national de la santé et de la recherche médicale, 4 octobre, 1999, 2 p ; numérisé sous le format PDF. URI :voir ci-dessous",http://hdl.handle.net/10608/12750,fr,Inserm,Communiqués de Presse INSERM,Document en accès libre - http://www.ipubli.inserm.fr/mentions,"Communiqué de presse de l’Institut national de la santé et de la recherche médicale, 4 octobre, 1999, 2 p ; numérisé sous le format PDF.",Un gène identifié dans les malformations vasculaires cérébrales les plus fréquentes,Archives,true
11949,10608/12706,INSERM EPI 9918,Bureau de presse INSERM,Inserm,1999,Résultat de recherche,"Biologie cellulaire, développement et évolution","Résultat de recherche||José Sahel et Serge Picaud (INSERM EPI 9918, Université Louis Pasteur, Strasbourg) ouvrent, pour la première fois, une perspective dans le traitement de la rétinopathie pigmentaire, affection héréditaire encore incurable qui touche la rétine et conduit à une cécité totale.","Bureau de presse INSERM. Rétinopathie pigmentaire : vers un premier traitement visant à retarder la cécité ?. Communiqué de presse de l’Institut national de la santé et de la recherche médicale, 1 octobre, 1999, 3 p ; numérisé sous le format PDF. URI :voir ci-dessous",http://hdl.handle.net/10608/12749,fr,Inserm,Communiqués de Presse INSERM,Document en accès libre - http://www.ipubli.inserm.fr/mentions,"Communiqué de presse de l’Institut national de la santé et de la recherche médicale, 1 octobre, 1999, 3 p ; numérisé sous le format PDF.",Rétinopathie pigmentaire : vers un premier traitement visant à retarder la cécité ?,Archives,true
11948,10608/12706,INSERM EPI 99-32,Bureau de presse INSERM,Inserm,1999,Résultat de recherche,Cancer,Résultat de recherche||Un groupe de recherche de l’INSERM dirigé par Irène Joab montre la présence du virus d’Epstein-Barr (EBV) dans de nombreux cancers du sein. Celui-ci serait plus fréquemment associé aux tumeurs de plus mauvais pronostic.,"Bureau de presse INSERM. Cancer du sein et virus d’Epstein-Barr. Communiqué de presse de l’Institut national de la santé et de la recherche médicale, 28 septembre, 1999, 3 p ; numérisé sous le format PDF. URI :voir ci-dessous",http://hdl.handle.net/10608/12748,fr,Inserm,Communiqués de Presse INSERM,Document en accès libre - http://www.ipubli.inserm.fr/mentions,"Communiqué de presse de l’Institut national de la santé et de la recherche médicale, 28 septembre, 1999, 3 p ; numérisé sous le format PDF.",Cancer du sein et virus d’Epstein-Barr,Archives,true
11947,10608/12706,"INSERM U 155 ""épidémiologie génétique""||unité 502 ""médecine, sciences, santé et société""",Bureau de presse INSERM,Inserm,1999,Résultat de recherche,Santé publique,"Résultat de recherche||Des enfants âgés de 4 à 6 ans, présentant un QI [ Le quotient intellectuel est un test, élaboré au début du siècle par le psychologue et physiologiste Alfred Binet, dans le but de dépister les écoliers en grand retard scolaire. Il mesure des performances à certains exercices (verbaux, de logique…) et permet d'évaluer le niveau de développement d'un enfant par rapport à une moyenne de sa classe d'âge.] faible et voué à priori à une ""intelligence"" réduite à l'âge adulte, peuvent bénéficier d'une amélioration nette de leurs performances intellectuelles à condition d'évoluer dans un environnement socio-économique favorable.","Bureau de presse INSERM. Le QI d'enfants dits d'intelligence faible peut-il être amélioré par le milieu de vie ?. Communiqué de presse de l’Institut national de la santé et de la recherche médicale, 27 septembre, 1999, 2 p ; numérisé sous le format PDF. URI :voir ci-dessous",http://hdl.handle.net/10608/12747,fr,Inserm,Communiqués de Presse INSERM,Document en accès libre - http://www.ipubli.inserm.fr/mentions,"Communiqué de presse de l’Institut national de la santé et de la recherche médicale, 27 septembre, 1999, 2 p ; numérisé sous le format PDF.",Le QI d'enfants dits d'intelligence faible peut-il être amélioré par le milieu de vie ?,Archives,true
11946,10608/12706,"U109 INSERM, ""Neurobiologie et pharmacologie moléculaire""",Bureau de presse INSERM,Inserm,1999,Résultat de recherche,"Neurosciences, sciences cognitives, neurologie, psychiatrie","Résultat de recherche||De nouvelles perspectives dans le traitement de la dépendance aux drogues s'ouvrent grâce aux travaux réalisés par l'équipe de Pierre Sokoloff (U109 INSERM, dirigée par Jean-Charles Schwartz), en 1999, en collaboration avec des équipes du CNRS, de l'université de Cambridge et du laboratoire pharmaceutique français Bioprojet.","Bureau de presse INSERM. Dépendance aux drogues : vers un nouveau traitement ?. Communiqué de presse de l’Institut national de la santé et de la recherche médicale, 28 juillet, 1999, 3 p ; numérisé sous le format PDF. URI :voir ci-dessous",http://hdl.handle.net/10608/12746,fr,Inserm,Communiqués de Presse INSERM,Document en accès libre - http://www.ipubli.inserm.fr/mentions,"Communiqué de presse de l’Institut national de la santé et de la recherche médicale, 28 juillet, 1999, 3 p ; numérisé sous le format PDF.",Dépendance aux drogues : vers un nouveau traitement ?,Archives,true
11945,10608/12706,,Bureau de presse INSERM,Inserm,1999,Actualité institutionnelle,Actualité institutionnelle,"Actualité institutionnelle||Le conseil d'administration de l'INSERM accepte le projet de création d'une société-filiale, ""INSERM-Transfert"". Celle-ci aura pour mission de favoriser l'incubation de projets scientifiques afin de créer des entreprises innovantes à partir des recherches et des technologies développées à l'INSERM dans le champ des biotechnologies, de la médecine et de la santé.","Bureau de presse INSERM. Création de INSERM-Transfert. Communiqué de presse de l’Institut national de la santé et de la recherche médicale, 22 juillet, 1999, 3 p ; numérisé sous le format PDF. URI :voir ci-dessous",http://hdl.handle.net/10608/12745,fr,Inserm,Communiqués de Presse INSERM,Document en accès libre - http://www.ipubli.inserm.fr/mentions,"Communiqué de presse de l’Institut national de la santé et de la recherche médicale, 22 juillet, 1999, 3 p ; numérisé sous le format PDF.",Création de INSERM-Transfert,Archives,true
11944,10608/12706,,Bureau de presse INSERM,Inserm,1999,Coopération scientifique,,"Coopération scientifique||Claude Griscelli, Directeur général de l'Institut national de la Santé et de la Recherche médicale (INSERM) et Paul Champsaur, Directeur général de l'Institut national de la Statistique et des Etudes économiques (INSEE), signe une convention qui définit les conditions générales de collaboration entre les deux organismes.","Bureau de presse INSERM. Convention INSERM et INSEE : collaboration. Communiqué de presse de l’Institut national de la santé et de la recherche médicale, 24 juin, 1999, 2 p ; numérisé sous le format PDF. URI :voir ci-dessous",http://hdl.handle.net/10608/12744,fr,Inserm,Communiqués de Presse INSERM,Document en accès libre - http://www.ipubli.inserm.fr/mentions,"Communiqué de presse de l’Institut national de la santé et de la recherche médicale, 24 juin, 1999, 2 p ; numérisé sous le format PDF.",Convention INSERM et INSEE : collaboration,Archives,true
11943,10608/12706,"U268 INSERM, "" Différenciation hématopoiétique normale et leucémique "",",Bureau de presse INSERM,Inserm,1999,Résultat de recherche,Cancer,"Résultat de recherche||Les travaux de l'équipe de Florence Smadja-Joffe (U268 INSERM, dirigée par Claude Jasmin) ouvrent des perspectives dans le traitement des leucémies aiguës myéloblastiques (LAM), qui représentent environ la moitié des leucémies.","Bureau de presse INSERM. Un retour à la normale pour des cellules leucémiques . Communiqué de presse de l’Institut national de la santé et de la recherche médicale, 16 juin, 1999, 2 p ; numérisé sous le format PDF. URI :voir ci-dessous",http://hdl.handle.net/10608/12743,fr,Inserm,Communiqués de Presse INSERM,Document en accès libre - http://www.ipubli.inserm.fr/mentions,"Communiqué de presse de l’Institut national de la santé et de la recherche médicale, 16 juin, 1999, 2 p ; numérisé sous le format PDF.",Un retour à la normale pour des cellules leucémiques,Archives,true
11942,10608/12706,,Bureau de presse INSERM,Inserm,1999,Actualité institutionnelle,Recrutement,"Recrutement||Afin d'encourager la recherche en ingénierie biomédicale, en 1999, pour la première fois, des postes d'accueil de l'INSERM seront ouverts à de jeunes ingénieurs issus des grandes écoles. Cette démarche originale vise à renforcer les liens entre le monde de la recherche en santé et celui de l'ingénierie, proche de l'industrie.","Bureau de presse INSERM. L'INSERM renforce l'ingénierie biomédicale. Communiqué de presse de l’Institut national de la santé et de la recherche médicale, 16 juin, 1999, 3 p ; numérisé sous le format PDF. URI :voir ci-dessous",http://hdl.handle.net/10608/12742,fr,Inserm,Communiqués de Presse INSERM,Document en accès libre - http://www.ipubli.inserm.fr/mentions,"Communiqué de presse de l’Institut national de la santé et de la recherche médicale, 16 juin, 1999, 3 p ; numérisé sous le format PDF.",L'INSERM renforce l'ingénierie biomédicale,Archives,true
11941,10608/12706,"INSERM U 29 "" épilepsie et ischémie cérébrale """,Bureau de presse INSERM,Inserm,1999,Résultat de recherche,"Neurosciences, sciences cognitives, neurologie, psychiatrie","Résultat de recherche||Les crises d'épilepsie sont-elles le fait d'un déficit de l'inhibition naturelle de l'activité neuronale ? Une première preuve vient d'en être apportée par l'équipe de Christophe Bernard (U29 INSERM, dirigée par Yezekiel Ben Ari) dans la forme la plus fréquente d'épilepsie.","Bureau de presse INSERM. Des courants miniatures impliqués dans l’épilepsie. Communiqué de presse de l’Institut national de la santé et de la recherche médicale, 14 juin, 1999, 2 p ; numérisé sous le format PDF. URI :voir ci-dessous",http://hdl.handle.net/10608/12741,fr,Inserm,Communiqués de Presse INSERM,Document en accès libre - http://www.ipubli.inserm.fr/mentions,"Communiqué de presse de l’Institut national de la santé et de la recherche médicale, 14 juin, 1999, 2 p ; numérisé sous le format PDF.",Des courants miniatures impliqués dans l’épilepsie,Archives,true
11940,10608/12706,"INSERM U 29 "" épilepsie et ischémie cérébrale """,Bureau de presse INSERM,Inserm,1999,Résultat de recherche,"Neurosciences, sciences cognitives, neurologie, psychiatrie",Résultat de recherche||L'hypothèse d'une action délétère de la caféine sur le cerveau immature de nouveau-né est confirmée par les derniers travaux de l'unité 29 de l'INSERM.,"Bureau de presse INSERM. Café et accouchement : un cocktail propice aux crises d’épilepsie  du nouveau-né ? . Communiqué de presse de l’Institut national de la santé et de la recherche médicale, 10 juin, 1999, 2 p ; numérisé sous le format PDF. URI :voir ci-dessous",http://hdl.handle.net/10608/12740,fr,Inserm,Communiqués de Presse INSERM,Document en accès libre - http://www.ipubli.inserm.fr/mentions,"Communiqué de presse de l’Institut national de la santé et de la recherche médicale, 10 juin, 1999, 2 p ; numérisé sous le format PDF.",Café et accouchement : un cocktail propice aux crises d’épilepsie  du nouveau-né ?,Archives,true
11939,10608/12706,Expertise Collective Inserm,Bureau de presse INSERM,Inserm,1999,Actualité institutionnelle,Actualité institutionnelle,"Actualité institutionnelle||Claude Griscelli, directeur général de l'INSERM, souhaite donner une nouvelle impulsion à la valorisation des recherches menées dans les laboratoires de l'organisme afin que ceux-ci contribuent à l'innovation technologique en France. A ce titre, l'INSERM crée un comité d'orientation stratégique de valorisation ayant pour objectif de définir les priorités d'ordre stratégique sur la valorisation industrielle.","Bureau de presse INSERM. L'INSERM met en place un comité d'orientation stratégique de  valorisation . Communiqué de presse de l’Institut national de la santé et de la recherche médicale, 10 juin, 1999, 2 p ; numérisé sous le format PDF. URI :voir ci-dessous",http://hdl.handle.net/10608/12739,fr,Inserm,Communiqués de Presse INSERM,Document en accès libre - http://www.ipubli.inserm.fr/mentions,"Communiqué de presse de l’Institut national de la santé et de la recherche médicale, 10 juin, 1999, 2 p ; numérisé sous le format PDF.",L'INSERM met en place un comité d'orientation stratégique de  valorisation,Archives,true
11938,10608/12706,,Bureau de presse INSERM,Inserm,1999,Résultat de recherche,Santé publique,"Résultat de recherche||A l'échelle planétaire, y compris en France, la mortalité due aux maladies cardiovasculaires est en diminution, en 1999. Ces premiers résultats internationaux de l'étude MONICA (monitoring trends and determinants in cardiovascular disease) : étude internationale coordonnée par l'OMS, lancée au début des années 80 et ayant pour but de surveiller l'évolution épidémiologique des maladies cardiovasculaires.","Bureau de presse INSERM. Baisse de la mortalité due aux maladies cardiovasculaires  Premiers résultats du projet MONICA à l’échelle mondiale . Communiqué de presse de l’Institut national de la santé et de la recherche médicale, 5 mai, 1999, 2 p ; numérisé sous le format PDF. URI :voir ci-dessous",http://hdl.handle.net/10608/12738,fr,Inserm,Communiqués de Presse INSERM,Document en accès libre - http://www.ipubli.inserm.fr/mentions,"Communiqué de presse de l’Institut national de la santé et de la recherche médicale, 5 mai, 1999, 2 p ; numérisé sous le format PDF.",Baisse de la mortalité due aux maladies cardiovasculaires  Premiers résultats du projet MONICA à l’échelle mondiale,Archives,true
11937,10608/12706,Expertise Collective Inserm,Bureau de presse INSERM,Inserm,1999,Expertise collective,,"Expertise collective||Claude Griscelli, Directeur général de l’INSERM, a décidé la mise en place d’une expertise collective sur les vaccinations, en réponse à la demande de la MGEN, présidée par Alain Chauvet.","Bureau de presse INSERM. Vaccinations: actualités et perspectives . Communiqué de presse de l’Institut national de la santé et de la recherche médicale, 8 janvier, 1997, 2 p ; numérisé sous le format PDF. URI :voir ci-dessous",http://hdl.handle.net/10608/12737,fr,Inserm,Communiqués de Presse INSERM,Document en accès libre - http://www.ipubli.inserm.fr/mentions,"Communiqué de presse de l’Institut national de la santé et de la recherche médicale, 8 janvier, 1997, 2 p ; numérisé sous le format PDF.",Vaccinations: actualités et perspectives,Archives,true
11936,10608/12706,Expertise Collective Inserm,Bureau de presse INSERM,Inserm,1999,Expertise collective,,"Expertise collective||Claude Griscelli, Directeur général de l'INSERM, a décidé la mise en place d'une expertise collective sur le problème des carences nutritionnelles, en réponse à la demande de la MGEN présidée par Alain Chauvet.","Bureau de presse INSERM. Carences nutritionnelles. Communiqué de presse de l’Institut national de la santé et de la recherche médicale, 9 avril, 1999, 10 p ; numérisé sous le format PDF. URI :voir ci-dessous",http://hdl.handle.net/10608/12736,fr,Inserm,Communiqués de Presse INSERM,Document en accès libre - http://www.ipubli.inserm.fr/mentions,"Communiqué de presse de l’Institut national de la santé et de la recherche médicale, 9 avril, 1999, 10 p ; numérisé sous le format PDF.",Carences nutritionnelles,Archives,true
11935,10608/12706,Expertise Collective Inserm,Bureau de presse INSERM,Inserm,1999,Résultat de recherche,Santé publique,"Résultat de recherche||L'équipe de Serge Stoléru (U 292 INSERM ""recherches en santé publique"", Le Kremlin-Bicêtre) est à l'origine d'une première. Les chercheurs ont identifié chez des hommes, grâce à la tomographie par émission de positons, les régions du cerveau activées lors de l'excitation sexuelle.","Bureau de presse INSERM. ""Tout ce que vous avez toujours voulu savoir sur... le désir masculin"" L'excitation sexuelle cartographiée dans le cerveau. Communiqué de presse de l’Institut national de la santé et de la recherche médicale, 22 février, 1999, 3 p ; numérisé sous le format PDF. URI :voir ci-dessous",http://hdl.handle.net/10608/12735,fr,Inserm,Communiqués de Presse INSERM,Document en accès libre - http://www.ipubli.inserm.fr/mentions,"Communiqué de presse de l’Institut national de la santé et de la recherche médicale, 22 février, 1999, 3 p ; numérisé sous le format PDF.","""Tout ce que vous avez toujours voulu savoir sur... le désir masculin"" L'excitation sexuelle cartographiée dans le cerveau",Archives,true
11934,10608/12706,Inserm U483,Bureau de presse INSERM,Inserm,1999,Résultat de recherche,Cancer,"Résultat de recherche||L'Ablatherm, premier appareil destiné à la thérapie par ultrasons dans le cancer de la prostate, est issu d'une collaboration exemplaire entre l'INSERM et la société Edap Technomed.","Bureau de presse INSERM. L'ABLATHERM, des ultrasons contre le cancer de la prostate. Communiqué de presse de l’Institut national de la santé et de la recherche médicale, 17 février, 1999, 4 p ; numérisé sous le format PDF. URI :voir ci-dessous",http://hdl.handle.net/10608/12734,fr,Inserm,Communiqués de Presse INSERM,Document en accès libre - http://www.ipubli.inserm.fr/mentions,"Communiqué de presse de l’Institut national de la santé et de la recherche médicale, 17 février, 1999, 4 p ; numérisé sous le format PDF.","L'ABLATHERM, des ultrasons contre le cancer de la prostate",Archives,true
11933,10608/12706,U281 INSERM,Bureau de presse INSERM,Inserm,1999,Prix scientifique,,"Prix scientifique||Le prestigieux prix Louis Jeantet de médecine est décerné pour l'année 1999 au professeur Jean-Louis Mandel, 52 ans, responsable de l'équipe ""génétique moléculaire humaine"" de l'unité 184 INSERM, à l'Institut de génétique et de biologie moléculaire et cellulaire (IGBMC/CNRS-INSERMUniversité Louis Pasteur) et professeur de génétique à la Faculté de médecine de Strasbourg.","Bureau de presse INSERM. Jean-Louis Mandel, responsable d'une équipe INSERM/CNRS obtient le prix Louis Jeantet de médecine 2000. Communiqué de presse de l’Institut national de la santé et de la recherche médicale, 13 janvier, 1999, 2 p ; numérisé sous le format PDF. URI :voir ci-dessous",http://hdl.handle.net/10608/12733,fr,Inserm,Communiqués de Presse INSERM,Document en accès libre - http://www.ipubli.inserm.fr/mentions,"Communiqué de presse de l’Institut national de la santé et de la recherche médicale, 13 janvier, 1999, 2 p ; numérisé sous le format PDF.","Jean-Louis Mandel, responsable d'une équipe INSERM/CNRS obtient le prix Louis Jeantet de médecine 2000",Archives,true
11932,10608/12706,Inserm,Bureau de presse INSERM,Inserm,1999,Expertise collective,,"Expertise collective||En réponse à une demande du secrétariat d'Etat à la Santé et du ministère en charge de la Recherche, Claude Griscelli, Directeur général de l'INSERM, a mis en place une Expertise collective sur le plomb et ses risques pour la santé.","Bureau de presse INSERM.  Plomb dans l'environnement : quels risques  pour la santé ? . Communiqué de presse de l’Institut national de la santé et de la recherche médicale, 13 janvier, 1999, 6 p ; numérisé sous le format PDF. URI :voir ci-dessous",http://hdl.handle.net/10608/12732,fr,Inserm,Communiqués de Presse INSERM,Document en accès libre - http://www.ipubli.inserm.fr/mentions,"Communiqué de presse de l’Institut national de la santé et de la recherche médicale, 13 janvier, 1999, 6 p ; numérisé sous le format PDF.",Plomb dans l'environnement : quels risques  pour la santé ?,Archives,true
12015,10608/12710,Unité Inserm 29,Bureau de presse INSERM,Inserm,2000,Résultat de recherche,"Neurosciences, sciences cognitives, neurologie, psychiatrie","Résultat de recherche||les crises proviennent d'un déséquilibre entre excitation et inhibition dans un segment-clé du neurone, le dendrite||Un grand pas vient d'être franchi dans la compréhension d'une forme fréquente et grave d'épilepsie, l'épilepsie temporale. En étudiant un modèle de cette maladie chez le rat, l'équipe de Yezekiel Ben-Ari (Unité Inserm 29) montre que les crises sont dues à un déficit d'inhibition de certains neurones du cerveau, les neurones pyramidaux de l'hippocampe, la région du cerveau atteinte dans cette épilepsie.","Bureau de presse INSERM. L'épilepsie livre ses secrets : les crises proviennent d'un déséquilibre entre excitation et inhibition dans un segment-clé du neurone, le dendrite. Communiqué de presse de l’Institut national de la santé et de la recherche médicale, 14 décembre, 2000, 2p ; numérisé sous le format PDF. URI :voir ci-dessous",http://hdl.handle.net/10608/12815,fr,Inserm,Communiqués de Presse INSERM,Document en accès libre - http://www.ipubli.inserm.fr/mentions,"Communiqué de presse de l’Institut national de la santé et de la recherche médicale, 14 décembre, 2000, 2 p ; numérisé sous le format PDF.",L'épilepsie livre ses secrets,Archives,true
12014,10608/12710,Unité Inserm 109,Bureau de presse INSERM,Inserm,2000,Résultat de recherche,"Neurosciences, sciences cognitives, neurologie, psychiatrie","Résultat de recherche||Dans certaines conditions, les récepteurs biologiques sont actifs même en l'absence de molécules activatrices ou ""agonistes"". Toutefois cette activité spontanée, dite ""constitutive"", n'était jusqu'à présent connue que pour des systèmes artificiels ou mutés. L'équipe Inserm de Jean-Michel Arrang (unité Inserm 109, dirigée par Jean-Charles Schwartz, Paris) montre pour la première fois l'existence d'une activité spontanée naturelle d'un récepteur normal dans le cerveau. Il s'agit d'un récepteur au rôle physiologique important, le récepteur ""H3"" à l'histamine, qui ""freine"" la libération d'histamine, un neurotransmetteurclé qui stimule les processus d'éveil, d'attention et de cognition. Cette découverte, publiée dans la revue Nature, ouvre une nouvelle voie thérapeutique pour le traitement des troubles cognitifs.","Bureau de presse INSERM. Découverte d'une activité spontanée naturelle d'un récepteur à l'histamine dans le cerveau perspectives pour le traitement des troubles cognitifs. Communiqué de presse de l’Institut national de la santé et de la recherche médicale, 14 décembre, 2000, 3p ; numérisé sous le format PDF. URI :voir ci-dessous",http://hdl.handle.net/10608/12814,fr,Inserm,Communiqués de Presse INSERM,Document en accès libre - http://www.ipubli.inserm.fr/mentions,"Communiqué de presse de l’Institut national de la santé et de la recherche médicale, 14 décembre, 2000, 3 p ; numérisé sous le format PDF.",Découverte d'une activité spontanée naturelle d'un récepteur à l'histamine dans le cerveau perspectives pour le traitement des troubles cognitifs,Archives,true
12013,10608/12710,Unité 421 Inserm « Neuroplasticité et thérapeutique »,Bureau de presse INSERM,Inserm,2000,Résultat de recherche,"Neurosciences, sciences cognitives, neurologie, psychiatrie","Résultat de recherche||Les premiers résultats de la greffe intracérébrale de neurones fœtaux réalisés chez cinq patients atteints de la maladie de Huntington, viennent d’être publiés par des chercheurs de l’Inserm, associés à des médecins de l’Assistance publique-Hôpitaux2 de Paris et du Cea/Cnrs: l’équipe de Marc Peschanski (Unité 421 Inserm) et d’AnneCatherine Bachoud-Lévi (Unité 421 Inserm/CHU Henri–Mondor de Créteil). L’équipe a reçu le soutien de l’AFM, grâce aux dons du Téléthon. Trois ans après la greffe, trois patients présentent une nette amélioration de leurs capacités intellectuelles et motrices. Ils peuvent à nouveau réaliser des tâches qu’ils n’avaient pu faire depuis des années, comme rouler à bicyclette, nager, faire du bricolage ou jouer de la guitare.","Bureau de presse INSERM. Greffe de neurones fœtaux : premiers résultats et premier espoir de traitement de la maladie de Huntington. Communiqué de presse de l’Institut national de la santé et de la recherche médicale, 30 novembre, 2000, 5p ; numérisé sous le format PDF. URI :voir ci-dessous",http://hdl.handle.net/10608/12813,fr,Inserm,Communiqués de Presse INSERM,Document en accès libre - http://www.ipubli.inserm.fr/mentions,"Communiqué de presse de l’Institut national de la santé et de la recherche médicale, 30 novembre, 2000, 5 p ; numérisé sous le format PDF.",Greffe de neurones fœtaux : premiers résultats et premier espoir de traitement de la maladie de Huntington,Archives,true
12012,10608/12710,Expertise collective Inserm,Bureau de presse INSERM,Inserm,2000,Expertise collective,,"Expertise collective||Une expertise collective sur la prévention des lombalgies (douleurs dans le bas du dos) en milieu professionnel a été réalisée par l’Inserm, à la demande de la Canam (Caisse nationale d'assurance maladie des professions indépendantes). Les experts dressent un état des lieux sur cette affection très fréquente – deux adultes sur trois en souffrent un jour ou l’autre – mais généralement bénigne.","Bureau de presse INSERM. LOMBALGIES EN MILIEU PROFESSIONNEL facteurs de risque et prévention. Communiqué de presse de l’Institut national de la santé et de la recherche médicale, 15 novembre, 2000, 3p ; numérisé sous le format PDF. URI :voir ci-dessous",http://hdl.handle.net/10608/12812,fr,Inserm,Communiqués de Presse INSERM,Document en accès libre - http://www.ipubli.inserm.fr/mentions,"Communiqué de presse de l’Institut national de la santé et de la recherche médicale, 15 novembre, 2000, 3 p ; numérisé sous le format PDF.",LOMBALGIES EN MILIEU PROFESSIONNEL facteurs de risque et prévention,Archives,true
12011,10608/12710,,Bureau de presse INSERM,Inserm,2000,Résultat de recherche,"Biologie cellulaire, développement et évolution","Résultat de recherche||Heart failure secondary to a myocardial infarction is now a frequent disease, the incidence of which is expected to further increase in the forthcoming years because of the ageing of the population. It is responsible for an high yearly mortality and substantial costs. Although several therapies yet exist, the most radical of which is cardiac transplantation, they have their limitations which justify the search for alternate options. Cellular therapy might be one of them.","Bureau de presse INSERM. Autologous Skeletal Myoblast Transplantation: First Clinical Experience. Communiqué de presse de l’Institut national de la santé et de la recherche médicale, 12 novembre, 2000, 2p ; numérisé sous le format PDF. URI :voir ci-dessous",http://hdl.handle.net/10608/12811,en,Inserm,Communiqués de Presse INSERM,Document en accès libre - http://www.ipubli.inserm.fr/mentions,"Communiqué de presse de l’Institut national de la santé et de la recherche médicale, 12 novembre, 2000, 2 p ; numérisé sous le format PDF.",Autologous Skeletal Myoblast Transplantation: First Clinical Experience,Archives,true
12010,10608/12710,Unité de recherche sur les handicaps Génétiques de l’enfant INSERM U 393||Unité INSERM-INRA U-419,Bureau de presse INSERM,Inserm,2000,Résultat de recherche,"Génétique, génomique et bio-informatique","Résultat de recherche||Une équipe de chercheurs de l’INSERM (unité 393) à l’Hôpital Necker–Enfants Malades à Paris, vient d’identifier le gène responsable d’une maladie neurologique rare, le Syndrome Triple A, ou syndrome d’Allgrove, qui touche de nombreuses familles nordafricaines. Le gène responsable de la maladie, localisé sur le chromosome 12, assurerait la synthèse de la protéine ALADIN, qui appartient à la famille des protéines de régulation. En découvrant un particularisme génétique chez toutes les familles étudiées, les chercheurs ont pu très rapidement identifier le gène dont le séquençage a été lui aussi accéléré grâce à la collaboration du Centre National de Séquençage.","Bureau de presse INSERM. Des mutations du gène « ALADIN » seraient responsables du syndrome d’Allgrove, une maladie neurologique rare. Communiqué de presse de l’Institut national de la santé et de la recherche médicale, 3 novembre, 2000, 2p ; numérisé sous le format PDF. URI :voir ci-dessous",http://hdl.handle.net/10608/12810,fr,Inserm,Communiqués de Presse INSERM,Document en accès libre - http://www.ipubli.inserm.fr/mentions,"Communiqué de presse de l’Institut national de la santé et de la recherche médicale, 3 novembre, 2000, 2 p ; numérisé sous le format PDF.","Des mutations du gène « ALADIN » seraient responsables du syndrome d’Allgrove, une maladie neurologique rare",Archives,true
12009,10608/12710,Comité d’éthique Inserm,Bureau de presse INSERM,Inserm,2000,Actualité institutionnelle,Actualité institutionnelle,"Actualité institutionnelle||Le développement de la recherche biologique ainsi que le renforcement des activités de recherche dans le domaine clinique, thérapeutique et en santé publique soulève de nouvelles questions éthiques auxquelles l’Inserm se doit de réfléchir. Par conséquent, l’Institut vient de mettre en place son propre comité d’éthique – ERMES – , sur la recommandation de son conseil scientifique et en réponse à la volonté des pouvoirs publics de développer de tels comités au sein de chaque organisme de recherche.","Bureau de presse INSERM. ERMES : le nouveau comité d’Ethique pour la Recherche Médicale et en Santé de l’Inserm. Communiqué de presse de l’Institut national de la santé et de la recherche médicale, 30 octobre, 2000, 1p ; numérisé sous le format PDF. URI :voir ci-dessous",http://hdl.handle.net/10608/12809,fr,Inserm,Communiqués de Presse INSERM,Document en accès libre - http://www.ipubli.inserm.fr/mentions,"Communiqué de presse de l’Institut national de la santé et de la recherche médicale, 30 octobre, 2000, 1 p ; numérisé sous le format PDF.",ERMES : le nouveau comité d’Ethique pour la Recherche Médicale et en Santé de l’Inserm,Archives,true
12008,10608/12710,Expertise collective Inserm,Bureau de presse INSERM,Inserm,2000,Expertise collective,,"Expertise collective||Les dioxines ont suscité ces dernières années de nombreuses questions quant à leur dangerosité pour la santé, en particulier sur les risques d'une faible exposition au long de la vie et les risques d'une surexposition de durée brève. A la demande de la Direction générale de la Santé et du Ministère de l'Environnement, l'Inserm a conduit une expertise collective pour répondre à ces interrogations à partir d’une analyse de la littérature scientifique et de la prise en considération des données récentes d’exposition aux dioxines","Bureau de presse INSERM. Dioxines dans l’environnement quels risques pour la santé ? Une expertise collective de l’Inserm. Communiqué de presse de l’Institut national de la santé et de la recherche médicale, 24 octobre, 2000, 10p ; numérisé sous le format PDF. URI :voir ci-dessous",http://hdl.handle.net/10608/12808,fr,Inserm,Communiqués de Presse INSERM,Document en accès libre - http://www.ipubli.inserm.fr/mentions,"Communiqué de presse de l’Institut national de la santé et de la recherche médicale, 24 octobre, 2000, 10 p ; numérisé sous le format PDF.",Dioxines dans l’environnement quels risques pour la santé ? Une expertise collective de l’Inserm,Archives,true
12007,10608/12710,,Bureau de presse INSERM,Inserm,2000,Coopération scientifique,,"Coopération scientifique||Une des missions premières d' Atlanpole, la technopole Nantes-Atlantique, consiste à favoriser la  création d'entreprises  innovantes. Pour cela, l'équipe d'Atlanpole procède à une  détection systématique  des projets dans les laboratoires  de recherche qui après sélection sont  accompagnés sur le plan business, finance et management.  Cette  phase  appelée  communément  «  incubation »  est particulièrement sensible s'agissant de projets innovants à forte valeur ajoutée  et à risque  élevé.  Une  incubation  réussie  est  la  condition  nécessaire  à  un  bon  développement et à une pérennisation des jeunes pousses prometteuses.  Par cette convention, l'lnserm et Atlanpole précisent leur collaboration. Les résultats issus de la  recherche publique devraient ainsi bénéficier d'une meilleure valorisation, via la technopole.","Bureau de presse INSERM. ATLANPOLE et l’INSERM signent une convention pour l’incubation d’entreprises innovantes. Communiqué de presse de l’Institut national de la santé et de la recherche médicale, 5 octobre, 2000, 2p ; numérisé sous le format PDF. URI :voir ci-dessous",http://hdl.handle.net/10608/12807,fr,Inserm,Communiqués de Presse INSERM,Document en accès libre - http://www.ipubli.inserm.fr/mentions,"Communiqué de presse de l’Institut national de la santé et de la recherche médicale, 5 octobre, 2000, 2 p ; numérisé sous le format PDF.",ATLANPOLE et l’INSERM signent une convention pour l’incubation d’entreprises innovantes,Archives,true
12006,10608/12710,Comité d’éthique Inserm,Bureau de presse INSERM,Inserm,2000,Actualité institutionnelle,Actualité institutionnelle,"Actualité institutionnelle||Afin de favoriser le développement de recherches dans des champs émergents ou insuffisamment développés (système de soins, innovations médicamenteuses, thérapies cellulaires et géniques, transplantation, vaccinologie, biomatériaux, chirurgie robotisée…), l’Inserm met en place une nouvelle politique d’incitation. Parallèlement, le développement de la recherche clinique et en santé publique nécessite de se rapprocher davantage du monde médical, de mettre en place des structures adaptées aux essais, de soutenir des projets innovants et de développer les outils indispensables (cohortes, collections biologiques) pour mener de telles recherches.","Bureau de presse INSERM. Inserm 2001 : De la biologie à la santé publique. Communiqué de presse de l’Institut national de la santé et de la recherche médicale, 10 octobre, 2000, 13p ; numérisé sous le format PDF. URI :voir ci-dessous",http://hdl.handle.net/10608/12806,fr,Inserm,Communiqués de Presse INSERM,Document en accès libre - http://www.ipubli.inserm.fr/mentions,"Communiqué de presse de l’Institut national de la santé et de la recherche médicale, 10 octobre, 2000, 13 p ; numérisé sous le format PDF.",Inserm 2001 : De la biologie à la santé publique,Archives,true
12005,10608/12710,,Bureau de presse INSERM,Inserm,2000,Résultat de recherche,"Génétique, génomique et bio-informatique","Résultat de recherche||Au cours de la dernière décennie, les techniques de biologie moléculaire appliquées à la génétique ont rendu possible l’étude des effets de l’inactivation d’un gène donné, chez les mammifères. Ainsi, la création de mutations héréditaires dans les cellules germinales de la souris, a permis d’identifier les gènes impliqués dans l’apparition de nombreuses pathologies. Pourtant, faute d’outil adéquat, il était jusqu’à présent impossible de procéder à la mutation d’un gène spécifique dans un tissu précis et de contrôler le moment auquel cette mutation est induite. Grâce à leurs travaux sur la souris, Pierre Chambon (Inserm, Cnrs, Université Louis Pasteur de Strasbourg, Collège de France) et ses collaborateurs, viennent de mettre au point une technique qui permettra de provoquer des mutations à n’importe quel moment de la vie de l’animal, et dans n’importe laquelle de ses cellules.","Bureau de presse INSERM. Des mutations ciblées n’importe où, induites n’importe quand (ou presque)… chez la souris. Communiqué de presse de l’Institut national de la santé et de la recherche médicale, 5 octobre, 2000, 2p ; numérisé sous le format PDF. URI :voir ci-dessous",http://hdl.handle.net/10608/12805,fr,Inserm,Communiqués de Presse INSERM,Document en accès libre - http://www.ipubli.inserm.fr/mentions,"Communiqué de presse de l’Institut national de la santé et de la recherche médicale, 5 octobre, 2000, 2 p ; numérisé sous le format PDF.","Des mutations ciblées n’importe où, induites n’importe quand (ou presque)… chez la souris",Archives,true
12004,10608/12710,Unité Inserm 292 “ recherches en santé publique – reproduction – sexualité ” Hôpital de Bicêtre,Bureau de presse INSERM,Inserm,2000,Résultat de recherche,Santé publique,"Résultat de recherche||On enregistre aujourd’hui environ 220 000 interruptions volontaires de grossesse (IVG) par an. En moyenne, chaque femme en France serait confrontée au cours de sa vie à une grossesse non prévue et une sur deux à une IVG, selon l’Ined. Pourquoi tant d’échecs alors que la contraception est largement accessible aux femmes ? Quels sont les motifs qui conduisent les femmes à avoir une IVG ? Et dans quelles conditions accèdent-elles au système de santé ? L’enquête GINE (grossesses interrompues, non prévues ou évitées) s’est donnée pour objectif de répondre à ces questions.","Bureau de presse INSERM. CONTRACEPTION ET IVG EN FRANCE Beaucoup reste à faire. Communiqué de presse de l’Institut national de la santé et de la recherche médicale, 3 octobre, 2000, 2p ; numérisé sous le format PDF. URI :voir ci-dessous",http://hdl.handle.net/10608/12804,fr,Inserm,Communiqués de Presse INSERM,Document en accès libre - http://www.ipubli.inserm.fr/mentions,"Communiqué de presse de l’Institut national de la santé et de la recherche médicale, 3 octobre, 2000, 2 p ; numérisé sous le format PDF.",CONTRACEPTION ET IVG EN FRANCE Beaucoup reste à faire,Archives,true
12003,10608/12710,laboratoire de Neurobiologie de l’Audition,Bureau de presse INSERM,Inserm,2000,Résultat de recherche,"Génétique, génomique et bio-informatique","Résultat de recherche||Le gène responsable de l'atrophie optique dominante la plus fréquente, dite OPA1 ou maladie de Kjer, et dont l'incidence sur la population française est de l'ordre de 1 pour 50  000, a été identifié par des équipes de recherche françaises du CNRS et de l'INSERM.","Bureau de presse INSERM. Des équipes de recherche françaises identifient le gène responsable d'une maladie ophtalmologique  héréditaire . Communiqué de presse de l’Institut national de la santé et de la recherche médicale, 25 septembre, 2000, 2p ; numérisé sous le format PDF. URI :voir ci-dessous",http://hdl.handle.net/10608/12803,fr,Inserm,Communiqués de Presse INSERM,Document en accès libre - http://www.ipubli.inserm.fr/mentions,"Communiqué de presse de l’Institut national de la santé et de la recherche médicale, 25 septembre, 2000, 2 p ; numérisé sous le format PDF.",Des équipes de recherche françaises identifient le gène responsable d'une maladie ophtalmologique  héréditaire,Archives,true
12002,10608/12710,Unité 88 Inserm||Unité 518 Inserm||Unité 149 Inserm,Bureau de presse INSERM,Inserm,2000,Actualité institutionnelle,Actualité institutionnelle,"Actualité institutionnelle||En 1996, sous l’égide de son intercommission « Analyse et évaluation des systèmes de soins et de prise en charge, de prévention et de protection sociale », l’Inserm a initié un vaste travail pour établir un bilan de ces inégalités sociales de santé en France. L’objectif était non seulement de rassembler des connaissances éparses, mais également d’inciter à des recherches nouvelles, de proposer des pistes d’action et de susciter un large débat dans la société fondé sur des données scientifiques","Bureau de presse INSERM. Les inégalités sociales de santé Un ouvrage initié par l’Inserm Publié aux éditions La Découverte. Communiqué de presse de l’Institut national de la santé et de la recherche médicale, 12 septembre, 2000, 10p ; numérisé sous le format PDF. URI :voir ci-dessous",http://hdl.handle.net/10608/12802,fr,Inserm,Communiqués de Presse INSERM,Document en accès libre - http://www.ipubli.inserm.fr/mentions,"Communiqué de presse de l’Institut national de la santé et de la recherche médicale, 12 septembre, 2000, 10 p ; numérisé sous le format PDF.",Les inégalités sociales de santé Un ouvrage initié par l’Inserm Publié aux éditions La Découverte,Archives,true
12001,10608/12710,Unité Inserm 534 «Espace et action»,Bureau de presse INSERM,Inserm,2000,Résultat de recherche,"Neurosciences, sciences cognitives, neurologie, psychiatrie","Résultat de recherche||Aussi surprenant que cela puisse paraître, l’intention n’intervient pas en premier lieu pour contrôler les mouvements rapides de notre main. L’équipe de Yves Rossetti (Unité Inserm 534 «Espace et action») en association avec des chercheurs de l’Université Claude Bernard et des Hospices Civils de Lyon, viennent de montrer qu’un «pilote automatique» – un réseau de neurones localisé dans une région spécifique du cerveau – est systématiquement activé et guide la main de manière automatique dans le cas de gestes brefs. L’étude d’une patiente a permis de localiser ce pilote automatique dans la zone pariétale du cerveau.","Bureau de presse INSERM. Quand l’action échappe à l’intention …. Communiqué de presse de l’Institut national de la santé et de la recherche médicale, 4 août, 2000, 3p ; numérisé sous le format PDF. URI :voir ci-dessous",http://hdl.handle.net/10608/12801,fr,Inserm,Communiqués de Presse INSERM,Document en accès libre - http://www.ipubli.inserm.fr/mentions,"Communiqué de presse de l’Institut national de la santé et de la recherche médicale, 4 août, 2000, 3 p ; numérisé sous le format PDF.",Quand l’action échappe à l’intention …,Archives,true
12000,10608/12710,Inserm Unité 259,Bureau de presse INSERM,Inserm,2000,Résultat de recherche,"Génétique, génomique et bio-informatique","Résultat de recherche||Les travaux des chercheurs de l’Inserm, réalisés en association avec des scientifiques italiens, relancent le débat «génétique versus environnement» qui anime les spécialistes de l’étude des comportements. L’équipe franco-italienne vient de mettre en lumière l’implication déterminante de facteurs environnementaux dans le comportement de la souris face aux drogues. Les résultats de leurs travaux, publiés dans la revue Science du 21 juillet 2000, montrent qu’une courte période de réduction de l’apport alimentaire, modifie durablement la sensibilité aux drogues de la souris adulte.","Bureau de presse INSERM. De l’influence de l’environnement sur la vulnérabilité aux drogues chez la souris…. Communiqué de presse de l’Institut national de la santé et de la recherche médicale, 21 juillet, 2000, 2p ; numérisé sous le format PDF. URI :voir ci-dessous",http://hdl.handle.net/10608/12800,fr,Inserm,Communiqués de Presse INSERM,Document en accès libre - http://www.ipubli.inserm.fr/mentions,"Communiqué de presse de l’Institut national de la santé et de la recherche médicale, 21 juillet, 2000, 2 p ; numérisé sous le format PDF.",De l’influence de l’environnement sur la vulnérabilité aux drogues chez la souris…,Archives,true
11999,10608/12710,,Bureau de presse INSERM,Inserm,2000,Résultat de recherche,"Génétique, génomique et bio-informatique","Résultat de recherche||A quel moment l’horloge qui rythme nos jours et nos nuits se met-elle en place ? D’après les études menées jusqu’à présent chez les mammifères, il semblait qu’elle se mettait à fonctionner autour de la naissance. Cette idée avait fini par être érigée en dogme. Les travaux que publient des chercheurs français dans la revue Science (14 juillet 2000) démontrent qu’en réalité l’horloge biologique circadienne entre en fonction dès les premiers instants du développement de l’embryon, et qu’elle est héritée de la mère.","Bureau de presse INSERM. L’horloge circadienne est transmise génétiquement chez le poisson-zèbre. Communiqué de presse de l’Institut national de la santé et de la recherche médicale, 14 juillet, 2000, 2p ; numérisé sous le format PDF. URI :voir ci-dessous",http://hdl.handle.net/10608/12799,fr,Inserm,Communiqués de Presse INSERM,Document en accès libre - http://www.ipubli.inserm.fr/mentions,"Communiqué de presse de l’Institut national de la santé et de la recherche médicale, 14 juillet, 2000, 2 p ; numérisé sous le format PDF.",L’horloge circadienne est transmise génétiquement chez le poisson-zèbre,Archives,true
11998,10608/12710,,Bureau de presse INSERM,Inserm,2000,Résultat de recherche,"Génétique, génomique et bio-informatique","Résultat de recherche||L’Inserm a réalisé, à la demande de l’INRS - Institut national de recherche et de sécurité pour la prévention des accidents du travail et des maladies professionnelles - une analyse bibliographique sur l’existence éventuelle d’une relation entre susceptibilité génétique, exposition professionnelle, et cancer ou asthme. Cette analyse a été effectuée par l’Inserm qui se consacre, dans le cadre de sa mission de recherche en santé publique, à l’étude des déterminants de la santé des populations (biologiques, génétiques, environnementaux, comportementaux…) et de leurs interactions.","Bureau de presse INSERM. Susceptibilité génétique, exposition professionnelle, et cancer ou asthme : une analyse bibliographique de l’Inserm. Communiqué de presse de l’Institut national de la santé et de la recherche médicale, 4 juillet, 2000, 2p ; numérisé sous le format PDF. URI :voir ci-dessous",http://hdl.handle.net/10608/12798,fr,Inserm,Communiqués de Presse INSERM,Document en accès libre - http://www.ipubli.inserm.fr/mentions,"Communiqué de presse de l’Institut national de la santé et de la recherche médicale, 4 juillet, 2000, 2 p ; numérisé sous le format PDF.","Susceptibilité génétique, exposition professionnelle, et cancer ou asthme : une analyse bibliographique de l’Inserm",Archives,true
11997,10608/12710,"unité 336 Inserm, Montpellier",Bureau de presse INSERM,Inserm,2000,Résultat de recherche,"Neurosciences, sciences cognitives, neurologie, psychiatrie","Résultat de recherche||L'équipe d’Alain Privat (unité 336 Inserm, Montpellier), en collaboration avec des chercheurs québécois et parisiens, est parvenue à restaurer une locomotion normale chez des rats dont la moelle épinière était entièrement sectionnée, en greffant des neurones embryonnaires particuliers au dessous de la lésion. Les neurones greffés ont ré-activé un réseau de neurones médullaires capable, indépendamment du cerveau, de commander la locomotion : le ""générateur de marche"". Chez l'homme, ce générateur de marche existe probablement aussi.","Bureau de presse INSERM. Des neurones embryonnaires pour réactiver le « générateur de marche » de rats paraplégiques. Communiqué de presse de l’Institut national de la santé et de la recherche médicale, 1er juillet, 2000, 2p ; numérisé sous le format PDF. URI :voir ci-dessous",http://hdl.handle.net/10608/12797,fr,Inserm,Communiqués de Presse INSERM,Document en accès libre - http://www.ipubli.inserm.fr/mentions,"Communiqué de presse de l’Institut national de la santé et de la recherche médicale, 1 juillet, 2000, 2 p ; numérisé sous le format PDF.",Des neurones embryonnaires pour réactiver le « générateur de marche » de rats paraplégiques,Archives,true
11996,10608/12710,Expertise collective Inserm,Bureau de presse INSERM,Inserm,2000,Expertise collective,,"Expertise collective||L’obésité représente un véritable problème de santé dans les pays industrialisés. Ce phénomène, que l’on peut qualifier d’épidémie, est particulièrement inquiétant chez les plus jeunes. Son augmentation est rapide. Aujourd’hui, on estime qu’un enfant sur 10, en France, est obèse à l’âge de 10 ans. Les complications susceptibles de compromettre la santé à long terme des jeunes touchés par l’obésité sont préoccupantes.","Bureau de presse INSERM. OBESITE – Dépistage et prévention chez l’enfant. Communiqué de presse de l’Institut national de la santé et de la recherche médicale, 20 juin, 2000, 8p ; numérisé sous le format PDF. URI :voir ci-dessous",http://hdl.handle.net/10608/12796,fr,Inserm,Communiqués de Presse INSERM,Document en accès libre - http://www.ipubli.inserm.fr/mentions,"Communiqué de presse de l’Institut national de la santé et de la recherche médicale, 20 juin, 2000, 8 p ; numérisé sous le format PDF.",OBESITE – Dépistage et prévention chez l’enfant,Archives,true
11995,10608/12710,,Bureau de presse INSERM,Inserm,2000,Actualité institutionnelle,Recrutement,Recrutement||Marie-Françoise Chevallier-Le Guyader vient d’être nommée directeur de l’information scientifique et de la communication de l’Inserm. La mission qui lui a été confiée concerne le développement de la communication scientifique et institutionnelle à l’Inserm. Ses projets toucheront également à l’utilisation des nouvelles technologies de l’information afin d’ancrer les activités de l’Institut dans un monde en pleine mutation,"Bureau de presse INSERM. Nouveau directeur du DISC – Département information scientifique et communication. Communiqué de presse de l’Institut national de la santé et de la recherche médicale, 30 mai, 2000, 2p ; numérisé sous le format PDF. URI :voir ci-dessous",http://hdl.handle.net/10608/12795,fr,Inserm,Communiqués de Presse INSERM,Document en accès libre - http://www.ipubli.inserm.fr/mentions,"Communiqué de presse de l’Institut national de la santé et de la recherche médicale, 30 mai, 2000, 2 p ; numérisé sous le format PDF.",Nouveau directeur du DISC – Département information scientifique et communication,Archives,true
11994,10608/12710,Unité Inserm 289,Bureau de presse INSERM,Inserm,2000,Résultat de recherche,"Neurosciences, sciences cognitives, neurologie, psychiatrie","Résultat de recherche||La maladie de Parkinson touche 1 à 2 % de la population de plus de 65 ans, soit plus de 100 000 patients en France. C'est une affection hétérogène aux origines mal connues. Si la maladie débute généralement tard, à un âge moyen de 60 ans, environ 10 % des cas se déclarent avant 45 ans.","Bureau de presse INSERM. Maladie de Parkinson Les mutations du gène Parkin définissent une nouvelle forme de la maladie, à début précoce mais de meilleur pronostic. Communiqué de presse de l’Institut national de la santé et de la recherche médicale, 25 mai, 2000, 3p ; numérisé sous le format PDF. URI :voir ci-dessous",http://hdl.handle.net/10608/12794,fr,Inserm,Communiqués de Presse INSERM,Document en accès libre - http://www.ipubli.inserm.fr/mentions,"Communiqué de presse de l’Institut national de la santé et de la recherche médicale, 25 mai, 2000, 3 p ; numérisé sous le format PDF.","Maladie de Parkinson Les mutations du gène Parkin définissent une nouvelle forme de la maladie, à début précoce mais de meilleur pronostic",Archives,true
11993,10608/12710,Unité 393 Inserm « Handicaps génétiques de l’enfant »,Bureau de presse INSERM,Inserm,2000,Résultat de recherche,"Génétique, génomique et bio-informatique","Résultat de recherche||Asmae Smahi et Arnold Munnich (Unité 393 Inserm « Handicaps génétiques de l’enfant »), avec Gilles Courtois et Alain Israël (Unité de « Biologie moléculaire de l’expression génique » de l’Institut Pasteur associée au CNRS URA 1773), ont participé au sein d’une collaboration internationale à l’identification du gène responsable de l’incontinentia pigmenti (IP). Cette maladie héréditaire rare affecte la peau, les cheveux, les yeux et le système nerveux.","Bureau de presse INSERM. Identification du gène de l’incontinentia pigmenti. Communiqué de presse de l’Institut national de la santé et de la recherche médicale, 25 mai, 2000, 2p ; numérisé sous le format PDF. URI :voir ci-dessous",http://hdl.handle.net/10608/12793,fr,Inserm,Communiqués de Presse INSERM,Document en accès libre - http://www.ipubli.inserm.fr/mentions,"Communiqué de presse de l’Institut national de la santé et de la recherche médicale, 25 mai, 2000, 2 p ; numérisé sous le format PDF.",Identification du gène de l’incontinentia pigmenti,Archives,true
11992,10608/12710,,Bureau de presse INSERM,Inserm,2000,Résultat de recherche,"Génétique, génomique et bio-informatique","Résultat de recherche||Les premiers résultats d’une thérapie génique efficace viennent d’être publiés par  par des chercheurs de l'lnserm et de l'Assistance Publique-Hôpitaux de Paris: l'équipe du Dr Marina  Cavazzana-Calvo et du Pr Alain Fischer (Unité 429 lnserm, hôpital Necker-Enfants malades, Paris).  Deux très jeunes enfants atteints d'un déficit immunitaire sévère rare (DICS-X) sont les  bénéficiaires de cette première médicale. Un an après l'introduction d'un gène-médicament dans les  cellules de leur moelle osseuse, ces enfants ont retrouvé un système imunitaire complètement normal et fonctionnel.","Bureau de presse INSERM. Premier succès de thérapie génique : un déficit immunitaire héréditaire corrigé . Communiqué de presse de l’Institut national de la santé et de la recherche médicale, 28 avril, 2000, 13p ; numérisé sous le format PDF. URI :voir ci-dessous",http://hdl.handle.net/10608/12792,fr,Inserm,Communiqués de Presse INSERM,Document en accès libre - http://www.ipubli.inserm.fr/mentions,"Communiqué de presse de l’Institut national de la santé et de la recherche médicale, 28 avril, 2000, 13 p ; numérisé sous le format PDF.",Premier succès de thérapie génique : un déficit immunitaire héréditaire corrigé,Archives,true
11991,10608/12710,Unité Inserm 480 « neurobiologie des états de sommeil et d’éveil »,Bureau de presse INSERM,Inserm,2000,Résultat de recherche,"Neurosciences, sciences cognitives, neurologie, psychiatrie","Résultat de recherche||Les neurones du cerveau responsables du sommeil ont, pour la première fois, été identifiés et caractérisés en détail. Ce travail, publié dans Nature, a été mené par l’équipe de Patrick Fort et Pierre-Hervé Luppi de l’unité 480 de l’INSERM, en étroite collaboration avec un groupe suisse et des chercheurs du CNRS.","Bureau de presse INSERM. Les neurones du sommeil identifiés dans le cerveau. Communiqué de presse de l’Institut national de la santé et de la recherche médicale, 27 avril, 2000, 3p ; numérisé sous le format PDF. URI :voir ci-dessous",http://hdl.handle.net/10608/12791,fr,Inserm,Communiqués de Presse INSERM,Document en accès libre - http://www.ipubli.inserm.fr/mentions,"Communiqué de presse de l’Institut national de la santé et de la recherche médicale, 27 avril, 2000, 3 p ; numérisé sous le format PDF.",Les neurones du sommeil identifiés dans le cerveau,Archives,true
11990,10608/12710,Unité Inserm 423 « rein en développement et néphropathies héréditaires »,Bureau de presse INSERM,Inserm,2000,Résultat de recherche,"Génétique, génomique et bio-informatique","Résultat de recherche||Les syndromes néphrotiques, maladies fréquentes, sont liés à un défaut de filtration du plasma sanguin dans le rein, entraînant la présence d'albumine dans l'urine. Certains de ces syndromes résistent au traitement habituel par des corticoïdes. Parmi eux, des formes familiales, très rares mais sévères, aboutissent vers l'âge de 5 ans à une insuffisance rénale terminale, dont le seul traitement est une transplantation.","Bureau de presse INSERM. Insuffisance rénale les mutations d’un gène à l’origine de syndromes néphrotiques. Communiqué de presse de l’Institut national de la santé et de la recherche médicale, 1er avril, 2000, 2p ; numérisé sous le format PDF. URI :voir ci-dessous",http://hdl.handle.net/10608/12790,fr,Inserm,Communiqués de Presse INSERM,Document en accès libre - http://www.ipubli.inserm.fr/mentions,"Communiqué de presse de l’Institut national de la santé et de la recherche médicale, 1 avril, 2000, 2 p ; numérisé sous le format PDF.",Insuffisance rénale les mutations d’un gène à l’origine de syndromes néphrotiques,Archives,true
11989,10608/12710,,Bureau de presse INSERM,Inserm,2000,Résultat de recherche,"Génétique, génomique et bio-informatique","Résultat de recherche||Certaines mutations d’un co-récepteur du virus du sida (VIH) accélèrent la progression vers le sida des personnes infectées. C’est ce que viennent de montrer, dans la revue Science, des chercheurs et cliniciens de l’INSERM, du CNRS, du NIAID américain et d’hôpitaux français, grâce à un travail effectué sur des cohortes ANRS de personnes atteintes par le VIH.","Bureau de presse INSERM. Mise en évidence d'un nouveau facteur génétique accélérant l'évolution vers le sida. Communiqué de presse de l’Institut national de la santé et de la recherche médicale, 24 mars, 2000, 2p ; numérisé sous le format PDF. URI :voir ci-dessous",http://hdl.handle.net/10608/12789,fr,Inserm,Communiqués de Presse INSERM,Document en accès libre - http://www.ipubli.inserm.fr/mentions,"Communiqué de presse de l’Institut national de la santé et de la recherche médicale, 24 mars, 2000, 2 p ; numérisé sous le format PDF.",Mise en évidence d'un nouveau facteur génétique accélérant l'évolution vers le sida,Archives,true
11988,10608/12710,E9913 Inserm « Neurogénétique moléculaire »,Bureau de presse INSERM,Inserm,2000,Résultat de recherche,"Génétique, génomique et bio-informatique","Résultat de recherche||L'amyotrophie spinale, maladie neuromusculaire héréditaire au pronostic très sévère, touche un enfant sur 6000 naissances. Il n’existe pas de traitement curatif connu à ce jour. Comment les mutations du gène SMN, responsables de cette maladie, conduisent-elles à la paralysie musculaire ? Aucune réponse n’a pu être apportée en raison de l’absence d’un modèle animal pertinent.","Bureau de presse INSERM. Des souris transgéniques, modèles de l’amyotrophie spinale humaine. Communiqué de presse de l’Institut national de la santé et de la recherche médicale, 31 mars, 2000, 2p ; numérisé sous le format PDF. URI :voir ci-dessous",http://hdl.handle.net/10608/12788,fr,Inserm,Communiqués de Presse INSERM,Document en accès libre - http://www.ipubli.inserm.fr/mentions,"Communiqué de presse de l’Institut national de la santé et de la recherche médicale, 31 mars, 2000, 2 p ; numérisé sous le format PDF.","Des souris transgéniques, modèles de l’amyotrophie spinale humaine",Archives,true
11987,10608/12710,,Bureau de presse INSERM,Inserm,2000,Prix scientifique,,"Prix scientifique||Pour la première fois de son histoire, l’Inserm vient de remettre le « Grand prix Inserm de la recherche médicale ». Ce prix est destiné à rendre hommage à une personnalité de la recherche scientifique française dont les travaux ont permis des progrès remarquables dans le domaine de la physiopathologie humaine, de la thérapeutique ou plus généralement encore de la santé.","Bureau de presse INSERM. Le grand prix Inserm 2000 de la recherche médicale attribué à Arnold Munnich. Communiqué de presse de l’Institut national de la santé et de la recherche médicale, 21 mars, 2000, 2p ; numérisé sous le format PDF. URI :voir ci-dessous",http://hdl.handle.net/10608/12787,fr,Inserm,Communiqués de Presse INSERM,Document en accès libre - http://www.ipubli.inserm.fr/mentions,"Communiqué de presse de l’Institut national de la santé et de la recherche médicale, 21 mars, 2000, 2 p ; numérisé sous le format PDF.",Le grand prix Inserm 2000 de la recherche médicale attribué à Arnold Munnich,Archives,true
11986,10608/12710,,Bureau de presse INSERM,Inserm,2000,Actualité institutionnelle,Actualité institutionnelle,"Actualité institutionnelle||Des bactéries, des hommes, des interactions…, bref le melting pot de la vie se fait une place sur Internet, grâce au tout nouveau magazine électronique de l’Inserm élaboré par quelque 200 adolescents. Le site inserm-jeunes.org fourmille d‘informations sur les relations qu’a toujours entretenue, a son insu ou de plein gré, l’humanité avec les microorganismes.","Bureau de presse INSERM. Des bactéries en ligne – un nouveau site Inserm réalisé par des jeunes. Communiqué de presse de l’Institut national de la santé et de la recherche médicale, 17 mars, 2000, 2p ; numérisé sous le format PDF. URI :voir ci-dessous",http://hdl.handle.net/10608/12786,fr,Inserm,Communiqués de Presse INSERM,Document en accès libre - http://www.ipubli.inserm.fr/mentions,"Communiqué de presse de l’Institut national de la santé et de la recherche médicale, 17 mars, 2000, 2 p ; numérisé sous le format PDF.",Des bactéries en ligne – un nouveau site Inserm réalisé par des jeunes,Archives,true
11985,10608/12710,Unité 500 Inserm « épidémiologie des maladies chroniques du vieillissement »,Bureau de presse INSERM,Inserm,2000,Résultat de recherche,Santé publique,"Résultat de recherche||Résultats de la cohorte POLA. La cataracte représente la première cause de cécité dans le monde. Pour la première fois en France, une équipe de l’Inserm a mis en évidence le rôle de l’exposition à la lumière dans la survenue de cette pathologie..","Bureau de presse INSERM. L’exposition à la lumière augmente le risque de cataracte. Communiqué de presse de l’Institut national de la santé et de la recherche médicale, 15 mars, 2000, 2p ; numérisé sous le format PDF. URI :voir ci-dessous",http://hdl.handle.net/10608/12785,fr,Inserm,Communiqués de Presse INSERM,Document en accès libre - http://www.ipubli.inserm.fr/mentions,"Communiqué de presse de l’Institut national de la santé et de la recherche médicale, 15 mars, 2000, 2 p ; numérisé sous le format PDF.",L’exposition à la lumière augmente le risque de cataracte,Archives,true
11984,10608/12710,Expertise collective Inserm,Bureau de presse INSERM,Inserm,2000,Coopération scientifique,,"Coopération scientifique||Le médecin, pierre angulaire du Médec, représente pour l’Institut un véritable acteur de la recherche en santé. Afin de conforter le dialogue et les échanges entre chercheurs et médecins, une structure spécifique a été mise en place, par l’Inserm, début 2000 : le comité d’interface Inserm - médecine générale. .","Bureau de presse INSERM. An 2000 : l’Inserm marque sa présence au Médec. Communiqué de presse de l’Institut national de la santé et de la recherche médicale, 8 mars, 2000, 2p ; numérisé sous le format PDF. URI :voir ci-dessous",http://hdl.handle.net/10608/12784,fr,Inserm,Communiqués de Presse INSERM,Document en accès libre - http://www.ipubli.inserm.fr/mentions,"Communiqué de presse de l’Institut national de la santé et de la recherche médicale, 8 mars, 2000, 2 p ; numérisé sous le format PDF.",An 2000 : l’Inserm marque sa présence au Médec,Archives,true
11983,10608/12710,"unité Inserm 508, Lille||unité Inserm 258, Villejuif||unité Inserm 518, Toulouse",Bureau de presse INSERM,Inserm,2000,Résultat de recherche,Santé publique,"Résultat de recherche||Résultats du projet international MONICA. Les premiers résultats, à l’échelle mondiale, mettaient en évidence une nette diminution de la mortalité due aux maladies cardiovasculaires. En 2000, de nouvelles données apportent un éclairage sur cette baisse de mortalité : plus de la moitié de celle-ci est liée à l’amélioration de la prise en charge des maladies cardiovasculaires..","Bureau de presse INSERM. Plus de 50% de la baisse de la mortalité due aux maladies cardiovasculaires est liée à l’amélioration de la prise en charge des malades. Communiqué de presse de l’Institut national de la santé et de la recherche médicale, 26 février, 2000, 2p ; numérisé sous le format PDF. URI :voir ci-dessous",http://hdl.handle.net/10608/12783,fr,Inserm,Communiqués de Presse INSERM,Document en accès libre - http://www.ipubli.inserm.fr/mentions,"Communiqué de presse de l’Institut national de la santé et de la recherche médicale, 26 février, 2000, 2 p ; numérisé sous le format PDF.",Plus de 50% de la baisse de la mortalité due aux maladies cardiovasculaires est liée à l’amélioration de la prise en charge des malades,Archives,true
11982,10608/12710,,Bureau de presse INSERM,Inserm,2000,Prix scientifique,,"Prix scientifique||En 2000, l’Inserm a décidé de créer des prix pour rendre hommage aux acteurs de la recherche en santé qui font la force de l’institut. L’Inserm souhaite ainsi témoigner de sa reconnaissance aux 10 000 femmes et hommes qui se mobilisent au quotidien pour faire progresser la connaissance du vivant et améliorer la santé de l’homme..","Bureau de presse INSERM. Les prix Inserm 2000. Communiqué de presse de l’Institut national de la santé et de la recherche médicale, 8 février, 2000, 2p ; numérisé sous le format PDF. URI :voir ci-dessous",http://hdl.handle.net/10608/12782,fr,Inserm,Communiqués de Presse INSERM,Document en accès libre - http://www.ipubli.inserm.fr/mentions,"Communiqué de presse de l’Institut national de la santé et de la recherche médicale, 8 février, 2000, 2 p ; numérisé sous le format PDF.",Les prix Inserm 2000,Archives,true
